dt,beta,tau,trial,initMacro,initCoral,initTurf,macroalgae,coral,turf
0.000100,0.000000,0.500000,1,-0.300260,0.782055,0.518205,0.000000,0.560000,0.440000
