Approximation,r,steps
1,-3,10
0.745000
0.555025
0.413494
0.308053
0.229499
0.170977
0.127378
0.094896
0.070698
0.052670
