dt,Error
1.000000e-01,0.000131
5.000000e-02,0.000032
3.333333e-02,0.000014
2.500000e-02,0.000008
2.000000e-02,0.000005
1.666667e-02,0.000004
1.428571e-02,0.000003
1.250000e-02,0.000002
1.111111e-02,0.000002
1.000000e-02,0.000001
