Approximation,r,steps
1,10,10
2.500000
6.250000
15.625000
39.062500
97.656250
244.140625
610.351562
1525.878906
3814.697266
9536.743164
